package,version,license_metadata,repository,package_json_path,license_files
@alloc/quick-lru,5.2.0,MIT,sindresorhus/quick-lru,node_modules/.pnpm/@alloc+quick-lru@5.2.0/node_modules/@alloc/quick-lru/package.json,license
@babel/code-frame,7.29.0,MIT,https://github.com/babel/babel.git,node_modules/.pnpm/@babel+code-frame@7.29.0/node_modules/@babel/code-frame/package.json,LICENSE
@babel/compat-data,7.29.3,MIT,https://github.com/babel/babel.git,node_modules/.pnpm/@babel+compat-data@7.29.3/node_modules/@babel/compat-data/package.json,LICENSE
@babel/core,7.29.0,MIT,https://github.com/babel/babel.git,node_modules/.pnpm/@babel+core@7.29.0/node_modules/@babel/core/package.json,LICENSE
@babel/generator,7.29.1,MIT,https://github.com/babel/babel.git,node_modules/.pnpm/@babel+generator@7.29.1/node_modules/@babel/generator/package.json,LICENSE
@babel/helper-compilation-targets,7.28.6,MIT,https://github.com/babel/babel.git,node_modules/.pnpm/@babel+helper-compilation-targets@7.28.6/node_modules/@babel/helper-compilation-targets/package.json,LICENSE
@babel/helper-globals,7.28.0,MIT,https://github.com/babel/babel.git,node_modules/.pnpm/@babel+helper-globals@7.28.0/node_modules/@babel/helper-globals/package.json,LICENSE
@babel/helper-module-imports,7.28.6,MIT,https://github.com/babel/babel.git,node_modules/.pnpm/@babel+helper-module-imports@7.28.6/node_modules/@babel/helper-module-imports/package.json,LICENSE
@babel/helper-module-transforms,7.28.6,MIT,https://github.com/babel/babel.git,node_modules/.pnpm/@babel+helper-module-transforms@7.28.6_@babel+core@7.29.0/node_modules/@babel/helper-module-transforms/package.json,LICENSE
@babel/helper-string-parser,7.27.1,MIT,https://github.com/babel/babel.git,node_modules/.pnpm/@babel+helper-string-parser@7.27.1/node_modules/@babel/helper-string-parser/package.json,LICENSE
@babel/helper-validator-identifier,7.28.5,MIT,https://github.com/babel/babel.git,node_modules/.pnpm/@babel+helper-validator-identifier@7.28.5/node_modules/@babel/helper-validator-identifier/package.json,LICENSE
@babel/helper-validator-option,7.27.1,MIT,https://github.com/babel/babel.git,node_modules/.pnpm/@babel+helper-validator-option@7.27.1/node_modules/@babel/helper-validator-option/package.json,LICENSE
@babel/helpers,7.29.2,MIT,https://github.com/babel/babel.git,node_modules/.pnpm/@babel+helpers@7.29.2/node_modules/@babel/helpers/package.json,LICENSE
@babel/parser,7.29.3,MIT,https://github.com/babel/babel.git,node_modules/.pnpm/@babel+parser@7.29.3/node_modules/@babel/parser/package.json,LICENSE
@babel/template,7.28.6,MIT,https://github.com/babel/babel.git,node_modules/.pnpm/@babel+template@7.28.6/node_modules/@babel/template/package.json,LICENSE
@babel/traverse,7.29.0,MIT,https://github.com/babel/babel.git,node_modules/.pnpm/@babel+traverse@7.29.0/node_modules/@babel/traverse/package.json,LICENSE
@babel/types,7.29.0,MIT,https://github.com/babel/babel.git,node_modules/.pnpm/@babel+types@7.29.0/node_modules/@babel/types/package.json,LICENSE
@eslint-community/eslint-utils,4.9.1,MIT,https://github.com/eslint-community/eslint-utils,node_modules/.pnpm/@eslint-community+eslint-ut_d70698fd99ed66e25f48da0e262802a0/node_modules/@eslint-community/eslint-utils/package.json,LICENSE
@eslint-community/regexpp,4.12.2,MIT,https://github.com/eslint-community/regexpp,node_modules/.pnpm/@eslint-community+regexpp@4.12.2/node_modules/@eslint-community/regexpp/package.json,LICENSE
@eslint/config-array,0.21.2,Apache-2.0,git+https://github.com/eslint/rewrite.git,node_modules/.pnpm/@eslint+config-array@0.21.2/node_modules/@eslint/config-array/package.json,LICENSE
@eslint/config-helpers,0.4.2,Apache-2.0,git+https://github.com/eslint/rewrite.git,node_modules/.pnpm/@eslint+config-helpers@0.4.2/node_modules/@eslint/config-helpers/package.json,LICENSE
@eslint/core,0.17.0,Apache-2.0,git+https://github.com/eslint/rewrite.git,node_modules/.pnpm/@eslint+core@0.17.0/node_modules/@eslint/core/package.json,LICENSE
@eslint/eslintrc,3.3.5,MIT,eslint/eslintrc,node_modules/.pnpm/@eslint+eslintrc@3.3.5/node_modules/@eslint/eslintrc/package.json,LICENSE
@eslint/js,9.39.4,MIT,https://github.com/eslint/eslint.git,node_modules/.pnpm/@eslint+js@9.39.4/node_modules/@eslint/js/package.json,LICENSE
@eslint/object-schema,2.1.7,Apache-2.0,git+https://github.com/eslint/rewrite.git,node_modules/.pnpm/@eslint+object-schema@2.1.7/node_modules/@eslint/object-schema/package.json,LICENSE
@eslint/plugin-kit,0.4.1,Apache-2.0,git+https://github.com/eslint/rewrite.git,node_modules/.pnpm/@eslint+plugin-kit@0.4.1/node_modules/@eslint/plugin-kit/package.json,LICENSE
@geoarrow/geoarrow-wasm,0.2.0-beta.5,MIT OR Apache-2.0,https://github.com/geoarrow/geoarrow-rs,node_modules/.pnpm/@geoarrow+geoarrow-wasm@0.2.0-beta.5/node_modules/@geoarrow/geoarrow-wasm/package.json,LICENSE_APACHE; LICENSE_MIT
@geoman-io/leaflet-geoman-free,2.19.3,MIT,git://github.com/geoman-io/leaflet-geoman.git,node_modules/.pnpm/@geoman-io+leaflet-geoman-free@2.19.3_leaflet@1.9.4/node_modules/@geoman-io/leaflet-geoman-free/package.json,LICENSE
@humanfs/core,0.19.2,Apache-2.0,git+https://github.com/humanwhocodes/humanfs.git,node_modules/.pnpm/@humanfs+core@0.19.2/node_modules/@humanfs/core/package.json,LICENSE
@humanfs/node,0.16.8,Apache-2.0,git+https://github.com/humanwhocodes/humanfs.git,node_modules/.pnpm/@humanfs+node@0.16.8/node_modules/@humanfs/node/package.json,LICENSE
@humanfs/types,0.15.0,Apache-2.0,git+https://github.com/humanwhocodes/humanfs.git,node_modules/.pnpm/@humanfs+types@0.15.0/node_modules/@humanfs/types/package.json,(none bundled at package root)
@humanwhocodes/module-importer,1.0.1,Apache-2.0,git+https://github.com/humanwhocodes/module-importer.git,node_modules/.pnpm/@humanwhocodes+module-importer@1.0.1/node_modules/@humanwhocodes/module-importer/package.json,LICENSE
@humanwhocodes/retry,0.4.3,Apache-2.0,git+https://github.com/humanwhocodes/retry.git,node_modules/.pnpm/@humanwhocodes+retry@0.4.3/node_modules/@humanwhocodes/retry/package.json,LICENSE
@img/colour,1.1.0,MIT,git+https://github.com/lovell/colour.git,node_modules/.pnpm/@img+colour@1.1.0/node_modules/@img/colour/package.json,LICENSE.md
@img/sharp-win32-x64,0.34.5,Apache-2.0 AND LGPL-3.0-or-later,git+https://github.com/lovell/sharp.git,node_modules/.pnpm/@img+sharp-win32-x64@0.34.5/node_modules/@img/sharp-win32-x64/package.json,LICENSE
@jridgewell/gen-mapping,0.3.13,MIT,git+https://github.com/jridgewell/sourcemaps.git,node_modules/.pnpm/@jridgewell+gen-mapping@0.3.13/node_modules/@jridgewell/gen-mapping/package.json,LICENSE
@jridgewell/remapping,2.3.5,MIT,git+https://github.com/jridgewell/sourcemaps.git,node_modules/.pnpm/@jridgewell+remapping@2.3.5/node_modules/@jridgewell/remapping/package.json,LICENSE
@jridgewell/resolve-uri,3.1.2,MIT,https://github.com/jridgewell/resolve-uri,node_modules/.pnpm/@jridgewell+resolve-uri@3.1.2/node_modules/@jridgewell/resolve-uri/package.json,LICENSE
@jridgewell/sourcemap-codec,1.5.5,MIT,git+https://github.com/jridgewell/sourcemaps.git,node_modules/.pnpm/@jridgewell+sourcemap-codec@1.5.5/node_modules/@jridgewell/sourcemap-codec/package.json,LICENSE
@jridgewell/trace-mapping,0.3.31,MIT,git+https://github.com/jridgewell/sourcemaps.git,node_modules/.pnpm/@jridgewell+trace-mapping@0.3.31/node_modules/@jridgewell/trace-mapping/package.json,LICENSE
@next/env,16.2.6,MIT,https://github.com/vercel/next.js,node_modules/.pnpm/@next+env@16.2.6/node_modules/@next/env/package.json,(none bundled at package root)
@next/eslint-plugin-next,16.2.6,MIT,vercel/next.js,node_modules/.pnpm/@next+eslint-plugin-next@16.2.6/node_modules/@next/eslint-plugin-next/package.json,(none bundled at package root)
@next/swc-win32-x64-msvc,16.2.6,MIT,https://github.com/vercel/next.js,node_modules/.pnpm/@next+swc-win32-x64-msvc@16.2.6/node_modules/@next/swc-win32-x64-msvc/package.json,(none bundled at package root)
@nodelib/fs.scandir,2.1.5,MIT,https://github.com/nodelib/nodelib/tree/master/packages/fs/fs.scandir,node_modules/.pnpm/@nodelib+fs.scandir@2.1.5/node_modules/@nodelib/fs.scandir/package.json,LICENSE
@nodelib/fs.stat,2.0.5,MIT,https://github.com/nodelib/nodelib/tree/master/packages/fs/fs.stat,node_modules/.pnpm/@nodelib+fs.stat@2.0.5/node_modules/@nodelib/fs.stat/package.json,LICENSE
@nodelib/fs.walk,1.2.8,MIT,https://github.com/nodelib/nodelib/tree/master/packages/fs/fs.walk,node_modules/.pnpm/@nodelib+fs.walk@1.2.8/node_modules/@nodelib/fs.walk/package.json,LICENSE
@nolyfill/is-core-module,1.0.39,MIT,https://github.com/SukkaW/nolyfill,node_modules/.pnpm/@nolyfill+is-core-module@1.0.39/node_modules/@nolyfill/is-core-module/package.json,LICENSE
@react-leaflet/core,3.0.0,Hippocratic-2.1,https://github.com/PaulLeCam/react-leaflet.git,node_modules/.pnpm/@react-leaflet+core@3.0.0_l_8d071b916b9b316525cfc28b9ee0ea39/node_modules/@react-leaflet/core/package.json,LICENSE.md
@rtsao/scc,1.1.0,MIT,rtsao/scc,node_modules/.pnpm/@rtsao+scc@1.1.0/node_modules/@rtsao/scc/package.json,LICENSE
@swc/helpers,0.5.15,Apache-2.0,git+https://github.com/swc-project/swc.git,node_modules/.pnpm/@swc+helpers@0.5.15/node_modules/@swc/helpers/package.json,LICENSE
@tailwindcss/node,4.3.0,MIT,https://github.com/tailwindlabs/tailwindcss.git,node_modules/.pnpm/@tailwindcss+node@4.3.0/node_modules/@tailwindcss/node/package.json,LICENSE
@tailwindcss/oxide,4.3.0,MIT,git+https://github.com/tailwindlabs/tailwindcss.git,node_modules/.pnpm/@tailwindcss+oxide@4.3.0/node_modules/@tailwindcss/oxide/package.json,LICENSE
@tailwindcss/oxide-win32-x64-msvc,4.3.0,MIT,git+https://github.com/tailwindlabs/tailwindcss.git,node_modules/.pnpm/@tailwindcss+oxide-win32-x64-msvc@4.3.0/node_modules/@tailwindcss/oxide-win32-x64-msvc/package.json,LICENSE
@tailwindcss/postcss,4.3.0,MIT,https://github.com/tailwindlabs/tailwindcss.git,node_modules/.pnpm/@tailwindcss+postcss@4.3.0/node_modules/@tailwindcss/postcss/package.json,LICENSE
@turf/bbox,7.3.5,MIT,git://github.com/Turfjs/turf.git,node_modules/.pnpm/@turf+bbox@7.3.5/node_modules/@turf/bbox/package.json,LICENSE
@turf/boolean-contains,7.3.5,MIT,git://github.com/Turfjs/turf.git,node_modules/.pnpm/@turf+boolean-contains@7.3.5/node_modules/@turf/boolean-contains/package.json,LICENSE
@turf/boolean-point-in-polygon,7.3.5,MIT,git://github.com/Turfjs/turf.git,node_modules/.pnpm/@turf+boolean-point-in-polygon@7.3.5/node_modules/@turf/boolean-point-in-polygon/package.json,LICENSE
@turf/boolean-point-on-line,7.3.5,MIT,git://github.com/Turfjs/turf.git,node_modules/.pnpm/@turf+boolean-point-on-line@7.3.5/node_modules/@turf/boolean-point-on-line/package.json,LICENSE
@turf/distance,7.3.5,MIT,git://github.com/Turfjs/turf.git,node_modules/.pnpm/@turf+distance@7.3.5/node_modules/@turf/distance/package.json,LICENSE
@turf/geojson-rbush,7.3.5,MIT,git://github.com/Turfjs/turf.git,node_modules/.pnpm/@turf+geojson-rbush@7.3.5/node_modules/@turf/geojson-rbush/package.json,LICENSE
@turf/helpers,7.3.5,MIT,git://github.com/Turfjs/turf.git,node_modules/.pnpm/@turf+helpers@7.3.5/node_modules/@turf/helpers/package.json,LICENSE
@turf/invariant,7.3.5,MIT,git://github.com/Turfjs/turf.git,node_modules/.pnpm/@turf+invariant@7.3.5/node_modules/@turf/invariant/package.json,LICENSE
@turf/kinks,7.3.5,MIT,git://github.com/Turfjs/turf.git,node_modules/.pnpm/@turf+kinks@7.3.5/node_modules/@turf/kinks/package.json,LICENSE
@turf/line-intersect,7.3.5,MIT,git://github.com/Turfjs/turf.git,node_modules/.pnpm/@turf+line-intersect@7.3.5/node_modules/@turf/line-intersect/package.json,LICENSE
@turf/line-segment,7.3.5,MIT,git://github.com/Turfjs/turf.git,node_modules/.pnpm/@turf+line-segment@7.3.5/node_modules/@turf/line-segment/package.json,LICENSE
@turf/line-split,7.3.5,MIT,git://github.com/Turfjs/turf.git,node_modules/.pnpm/@turf+line-split@7.3.5/node_modules/@turf/line-split/package.json,LICENSE
@turf/meta,7.3.5,MIT,git://github.com/Turfjs/turf.git,node_modules/.pnpm/@turf+meta@7.3.5/node_modules/@turf/meta/package.json,LICENSE
@turf/nearest-point-on-line,7.3.5,MIT,git://github.com/Turfjs/turf.git,node_modules/.pnpm/@turf+nearest-point-on-line@7.3.5/node_modules/@turf/nearest-point-on-line/package.json,LICENSE
@turf/truncate,7.3.5,MIT,git://github.com/Turfjs/turf.git,node_modules/.pnpm/@turf+truncate@7.3.5/node_modules/@turf/truncate/package.json,LICENSE
@types/estree,1.0.9,MIT,https://github.com/DefinitelyTyped/DefinitelyTyped.git,node_modules/.pnpm/@types+estree@1.0.9/node_modules/@types/estree/package.json,LICENSE
@types/geojson,7946.0.16,MIT,https://github.com/DefinitelyTyped/DefinitelyTyped.git,node_modules/.pnpm/@types+geojson@7946.0.16/node_modules/@types/geojson/package.json,LICENSE
@types/json-schema,7.0.15,MIT,https://github.com/DefinitelyTyped/DefinitelyTyped.git,node_modules/.pnpm/@types+json-schema@7.0.15/node_modules/@types/json-schema/package.json,LICENSE
@types/json5,0.0.29,MIT,https://www.github.com/DefinitelyTyped/DefinitelyTyped.git,node_modules/.pnpm/@types+json5@0.0.29/node_modules/@types/json5/package.json,(none bundled at package root)
@types/leaflet,1.9.21,MIT,https://github.com/DefinitelyTyped/DefinitelyTyped.git,node_modules/.pnpm/@types+leaflet@1.9.21/node_modules/@types/leaflet/package.json,LICENSE
@types/node,20.19.41,MIT,https://github.com/DefinitelyTyped/DefinitelyTyped.git,node_modules/.pnpm/@types+node@20.19.41/node_modules/@types/node/package.json,LICENSE
@types/react,19.2.14,MIT,https://github.com/DefinitelyTyped/DefinitelyTyped.git,node_modules/.pnpm/@types+react@19.2.14/node_modules/@types/react/package.json,LICENSE
@types/react-dom,19.2.3,MIT,https://github.com/DefinitelyTyped/DefinitelyTyped.git,node_modules/.pnpm/@types+react-dom@19.2.3_@types+react@19.2.14/node_modules/@types/react-dom/package.json,LICENSE
@typescript-eslint/eslint-plugin,8.59.3,MIT,https://github.com/typescript-eslint/typescript-eslint.git,node_modules/.pnpm/@typescript-eslint+eslint-p_9bbc04d60de3a6dc11cc57c1a52bd7b6/node_modules/@typescript-eslint/eslint-plugin/package.json,LICENSE
@typescript-eslint/parser,8.59.3,MIT,https://github.com/typescript-eslint/typescript-eslint.git,node_modules/.pnpm/@typescript-eslint+parser@8_14e2c7ad81d04742485c732e112dbb08/node_modules/@typescript-eslint/parser/package.json,LICENSE
@typescript-eslint/project-service,8.59.3,MIT,https://github.com/typescript-eslint/typescript-eslint.git,node_modules/.pnpm/@typescript-eslint+project-service@8.59.3_typescript@5.9.3/node_modules/@typescript-eslint/project-service/package.json,LICENSE
@typescript-eslint/scope-manager,8.59.3,MIT,https://github.com/typescript-eslint/typescript-eslint.git,node_modules/.pnpm/@typescript-eslint+scope-manager@8.59.3/node_modules/@typescript-eslint/scope-manager/package.json,LICENSE
@typescript-eslint/tsconfig-utils,8.59.3,MIT,https://github.com/typescript-eslint/typescript-eslint.git,node_modules/.pnpm/@typescript-eslint+tsconfig-utils@8.59.3_typescript@5.9.3/node_modules/@typescript-eslint/tsconfig-utils/package.json,LICENSE
@typescript-eslint/type-utils,8.59.3,MIT,https://github.com/typescript-eslint/typescript-eslint.git,node_modules/.pnpm/@typescript-eslint+type-uti_33b0476218e756b634caf7bd5a605025/node_modules/@typescript-eslint/type-utils/package.json,LICENSE
@typescript-eslint/types,8.59.3,MIT,https://github.com/typescript-eslint/typescript-eslint.git,node_modules/.pnpm/@typescript-eslint+types@8.59.3/node_modules/@typescript-eslint/types/package.json,LICENSE
@typescript-eslint/typescript-estree,8.59.3,MIT,https://github.com/typescript-eslint/typescript-eslint.git,node_modules/.pnpm/@typescript-eslint+typescript-estree@8.59.3_typescript@5.9.3/node_modules/@typescript-eslint/typescript-estree/package.json,LICENSE
@typescript-eslint/utils,8.59.3,MIT,https://github.com/typescript-eslint/typescript-eslint.git,node_modules/.pnpm/@typescript-eslint+utils@8._6199c9afdfdb266d9444792cd10a6370/node_modules/@typescript-eslint/utils/package.json,LICENSE
@typescript-eslint/visitor-keys,8.59.3,MIT,https://github.com/typescript-eslint/typescript-eslint.git,node_modules/.pnpm/@typescript-eslint+visitor-keys@8.59.3/node_modules/@typescript-eslint/visitor-keys/package.json,LICENSE
@unrs/resolver-binding-win32-x64-msvc,1.11.1,MIT,git+https://github.com/unrs/unrs-resolver.git,node_modules/.pnpm/@unrs+resolver-binding-win32-x64-msvc@1.11.1/node_modules/@unrs/resolver-binding-win32-x64-msvc/package.json,(none bundled at package root)
acorn,8.16.0,MIT,git+https://github.com/acornjs/acorn.git,node_modules/.pnpm/acorn@8.16.0/node_modules/acorn/package.json,LICENSE
acorn-jsx,5.3.2,MIT,https://github.com/acornjs/acorn-jsx,node_modules/.pnpm/acorn-jsx@5.3.2_acorn@8.16.0/node_modules/acorn-jsx/package.json,LICENSE
ajv,6.15.0,MIT,https://github.com/ajv-validator/ajv.git,node_modules/.pnpm/ajv@6.15.0/node_modules/ajv/package.json,LICENSE
ansi-styles,4.3.0,MIT,chalk/ansi-styles,node_modules/.pnpm/ansi-styles@4.3.0/node_modules/ansi-styles/package.json,license
argparse,2.0.1,Python-2.0,nodeca/argparse,node_modules/.pnpm/argparse@2.0.1/node_modules/argparse/package.json,LICENSE
aria-query,5.3.2,Apache-2.0,git+https://github.com/A11yance/aria-query.git,node_modules/.pnpm/aria-query@5.3.2/node_modules/aria-query/package.json,LICENSE
array-buffer-byte-length,1.0.2,MIT,git+https://github.com/inspect-js/array-buffer-byte-length.git,node_modules/.pnpm/array-buffer-byte-length@1.0.2/node_modules/array-buffer-byte-length/package.json,LICENSE
array-includes,3.1.9,MIT,git://github.com/es-shims/array-includes.git,node_modules/.pnpm/array-includes@3.1.9/node_modules/array-includes/package.json,LICENSE
array.prototype.findlast,1.2.5,MIT,git+https://github.com/es-shims/Array.prototype.findLast.git,node_modules/.pnpm/array.prototype.findlast@1.2.5/node_modules/array.prototype.findlast/package.json,LICENSE
array.prototype.findlastindex,1.2.6,MIT,git+https://github.com/es-shims/Array.prototype.findLastIndex.git,node_modules/.pnpm/array.prototype.findlastindex@1.2.6/node_modules/array.prototype.findlastindex/package.json,LICENSE
array.prototype.flat,1.3.3,MIT,git://github.com/es-shims/Array.prototype.flat.git,node_modules/.pnpm/array.prototype.flat@1.3.3/node_modules/array.prototype.flat/package.json,LICENSE
array.prototype.flatmap,1.3.3,MIT,git://github.com/es-shims/Array.prototype.flatMap.git,node_modules/.pnpm/array.prototype.flatmap@1.3.3/node_modules/array.prototype.flatmap/package.json,LICENSE
array.prototype.tosorted,1.1.4,MIT,git+https://github.com/es-shims/Array.prototype.toSorted.git,node_modules/.pnpm/array.prototype.tosorted@1.1.4/node_modules/array.prototype.tosorted/package.json,LICENSE
arraybuffer.prototype.slice,1.0.4,MIT,git+https://github.com/es-shims/ArrayBuffer.prototype.slice.git,node_modules/.pnpm/arraybuffer.prototype.slice@1.0.4/node_modules/arraybuffer.prototype.slice/package.json,LICENSE
ast-types-flow,0.0.8,MIT,git+https://github.com/kyldvs/ast-types-flow.git,node_modules/.pnpm/ast-types-flow@0.0.8/node_modules/ast-types-flow/package.json,LICENSE
async-function,1.0.0,MIT,git+https://github.com/ljharb/async-function.git,node_modules/.pnpm/async-function@1.0.0/node_modules/async-function/package.json,LICENSE
available-typed-arrays,1.0.7,MIT,git+https://github.com/inspect-js/available-typed-arrays.git,node_modules/.pnpm/available-typed-arrays@1.0.7/node_modules/available-typed-arrays/package.json,LICENSE
axe-core,4.11.4,MPL-2.0,https://github.com/dequelabs/axe-core.git,node_modules/.pnpm/axe-core@4.11.4/node_modules/axe-core/package.json,LICENSE; LICENSE-3RD-PARTY.txt
axobject-query,4.1.0,Apache-2.0,git+https://github.com/A11yance/axobject-query.git,node_modules/.pnpm/axobject-query@4.1.0/node_modules/axobject-query/package.json,LICENSE
balanced-match,1.0.2,MIT,git://github.com/juliangruber/balanced-match.git,node_modules/.pnpm/balanced-match@1.0.2/node_modules/balanced-match/package.json,LICENSE.md
balanced-match,4.0.4,MIT,git://github.com/juliangruber/balanced-match.git,node_modules/.pnpm/balanced-match@4.0.4/node_modules/balanced-match/package.json,LICENSE.md
baseline-browser-mapping,2.10.30,Apache-2.0,git+https://github.com/web-platform-dx/baseline-browser-mapping.git,node_modules/.pnpm/baseline-browser-mapping@2.10.30/node_modules/baseline-browser-mapping/package.json,LICENSE.txt
bignumber.js,9.3.1,MIT,https://github.com/MikeMcl/bignumber.js.git,node_modules/.pnpm/bignumber.js@9.3.1/node_modules/bignumber.js/package.json,LICENCE.md
brace-expansion,1.1.14,MIT,git://github.com/juliangruber/brace-expansion.git,node_modules/.pnpm/brace-expansion@1.1.14/node_modules/brace-expansion/package.json,LICENSE
brace-expansion,5.0.6,MIT,git+ssh://git@github.com/juliangruber/brace-expansion.git,node_modules/.pnpm/brace-expansion@5.0.6/node_modules/brace-expansion/package.json,LICENSE
braces,3.0.3,MIT,micromatch/braces,node_modules/.pnpm/braces@3.0.3/node_modules/braces/package.json,LICENSE
browserslist,4.28.2,MIT,browserslist/browserslist,node_modules/.pnpm/browserslist@4.28.2/node_modules/browserslist/package.json,LICENSE
call-bind,1.0.9,MIT,git+https://github.com/ljharb/call-bind.git,node_modules/.pnpm/call-bind@1.0.9/node_modules/call-bind/package.json,LICENSE
call-bind-apply-helpers,1.0.2,MIT,git+https://github.com/ljharb/call-bind-apply-helpers.git,node_modules/.pnpm/call-bind-apply-helpers@1.0.2/node_modules/call-bind-apply-helpers/package.json,LICENSE
call-bound,1.0.4,MIT,git+https://github.com/ljharb/call-bound.git,node_modules/.pnpm/call-bound@1.0.4/node_modules/call-bound/package.json,LICENSE
callsites,3.1.0,MIT,sindresorhus/callsites,node_modules/.pnpm/callsites@3.1.0/node_modules/callsites/package.json,license
caniuse-lite,1.0.30001793,CC-BY-4.0,browserslist/caniuse-lite,node_modules/.pnpm/caniuse-lite@1.0.30001793/node_modules/caniuse-lite/package.json,LICENSE
chalk,4.1.2,MIT,chalk/chalk,node_modules/.pnpm/chalk@4.1.2/node_modules/chalk/package.json,license
client-only,0.0.1,MIT,https://reactjs.org/,node_modules/.pnpm/client-only@0.0.1/node_modules/client-only/package.json,(none bundled at package root)
color-convert,2.0.1,MIT,Qix-/color-convert,node_modules/.pnpm/color-convert@2.0.1/node_modules/color-convert/package.json,LICENSE
color-name,1.1.4,MIT,git@github.com:colorjs/color-name.git,node_modules/.pnpm/color-name@1.1.4/node_modules/color-name/package.json,LICENSE
concat-map,0.0.1,MIT,git://github.com/substack/node-concat-map.git,node_modules/.pnpm/concat-map@0.0.1/node_modules/concat-map/package.json,LICENSE
convert-source-map,2.0.0,MIT,git://github.com/thlorenz/convert-source-map.git,node_modules/.pnpm/convert-source-map@2.0.0/node_modules/convert-source-map/package.json,LICENSE
cross-spawn,7.0.6,MIT,git@github.com:moxystudio/node-cross-spawn.git,node_modules/.pnpm/cross-spawn@7.0.6/node_modules/cross-spawn/package.json,LICENSE
csstype,3.2.3,MIT,https://github.com/frenic/csstype,node_modules/.pnpm/csstype@3.2.3/node_modules/csstype/package.json,LICENSE
damerau-levenshtein,1.0.8,BSD-2-Clause,https://github.com/tad-lispy/node-damerau-levenshtein.git,node_modules/.pnpm/damerau-levenshtein@1.0.8/node_modules/damerau-levenshtein/package.json,LICENSE
data-view-buffer,1.0.2,MIT,git+https://github.com/inspect-js/data-view-buffer.git,node_modules/.pnpm/data-view-buffer@1.0.2/node_modules/data-view-buffer/package.json,LICENSE
data-view-byte-length,1.0.2,MIT,git+https://github.com/inspect-js/data-view-byte-length.git,node_modules/.pnpm/data-view-byte-length@1.0.2/node_modules/data-view-byte-length/package.json,LICENSE
data-view-byte-offset,1.0.1,MIT,git+https://github.com/inspect-js/data-view-byte-offset.git,node_modules/.pnpm/data-view-byte-offset@1.0.1/node_modules/data-view-byte-offset/package.json,LICENSE
debug,3.2.7,MIT,git://github.com/visionmedia/debug.git,node_modules/.pnpm/debug@3.2.7/node_modules/debug/package.json,LICENSE
debug,4.4.3,MIT,git://github.com/debug-js/debug.git,node_modules/.pnpm/debug@4.4.3/node_modules/debug/package.json,LICENSE
deep-is,0.1.4,MIT,http://github.com/thlorenz/deep-is.git,node_modules/.pnpm/deep-is@0.1.4/node_modules/deep-is/package.json,LICENSE
define-data-property,1.1.4,MIT,git+https://github.com/ljharb/define-data-property.git,node_modules/.pnpm/define-data-property@1.1.4/node_modules/define-data-property/package.json,LICENSE
define-properties,1.2.1,MIT,git://github.com/ljharb/define-properties.git,node_modules/.pnpm/define-properties@1.2.1/node_modules/define-properties/package.json,LICENSE
detect-libc,2.1.2,Apache-2.0,git://github.com/lovell/detect-libc.git,node_modules/.pnpm/detect-libc@2.1.2/node_modules/detect-libc/package.json,LICENSE
doctrine,2.1.0,Apache-2.0,eslint/doctrine,node_modules/.pnpm/doctrine@2.1.0/node_modules/doctrine/package.json,LICENSE; LICENSE.closure-compiler; LICENSE.esprima
dunder-proto,1.0.1,MIT,git+https://github.com/es-shims/dunder-proto.git,node_modules/.pnpm/dunder-proto@1.0.1/node_modules/dunder-proto/package.json,LICENSE
electron-to-chromium,1.5.358,ISC,git+https://github.com/Kilian/electron-to-chromium.git,node_modules/.pnpm/electron-to-chromium@1.5.358/node_modules/electron-to-chromium/package.json,LICENSE
emoji-regex,9.2.2,MIT,https://github.com/mathiasbynens/emoji-regex.git,node_modules/.pnpm/emoji-regex@9.2.2/node_modules/emoji-regex/package.json,LICENSE-MIT.txt
enhanced-resolve,5.21.3,MIT,git://github.com/webpack/enhanced-resolve.git,node_modules/.pnpm/enhanced-resolve@5.21.3/node_modules/enhanced-resolve/package.json,LICENSE
es-abstract,1.24.2,MIT,git://github.com/ljharb/es-abstract.git,node_modules/.pnpm/es-abstract@1.24.2/node_modules/es-abstract/package.json,LICENSE
es-define-property,1.0.1,MIT,git+https://github.com/ljharb/es-define-property.git,node_modules/.pnpm/es-define-property@1.0.1/node_modules/es-define-property/package.json,LICENSE
es-errors,1.3.0,MIT,git+https://github.com/ljharb/es-errors.git,node_modules/.pnpm/es-errors@1.3.0/node_modules/es-errors/package.json,LICENSE
es-iterator-helpers,1.3.2,MIT,git+https://github.com/es-shims/iterator-helpers.git,node_modules/.pnpm/es-iterator-helpers@1.3.2/node_modules/es-iterator-helpers/package.json,LICENSE
es-object-atoms,1.1.1,MIT,git+https://github.com/ljharb/es-object-atoms.git,node_modules/.pnpm/es-object-atoms@1.1.1/node_modules/es-object-atoms/package.json,LICENSE
es-set-tostringtag,2.1.0,MIT,git+https://github.com/es-shims/es-set-tostringtag.git,node_modules/.pnpm/es-set-tostringtag@2.1.0/node_modules/es-set-tostringtag/package.json,LICENSE
es-shim-unscopables,1.1.0,MIT,git+https://github.com/ljharb/es-shim-unscopables.git,node_modules/.pnpm/es-shim-unscopables@1.1.0/node_modules/es-shim-unscopables/package.json,LICENSE
es-to-primitive,1.3.0,MIT,git://github.com/ljharb/es-to-primitive.git,node_modules/.pnpm/es-to-primitive@1.3.0/node_modules/es-to-primitive/package.json,LICENSE
escalade,3.2.0,MIT,lukeed/escalade,node_modules/.pnpm/escalade@3.2.0/node_modules/escalade/package.json,license
escape-string-regexp,4.0.0,MIT,sindresorhus/escape-string-regexp,node_modules/.pnpm/escape-string-regexp@4.0.0/node_modules/escape-string-regexp/package.json,license
eslint,9.39.4,MIT,eslint/eslint,node_modules/.pnpm/eslint@9.39.4_jiti@2.7.0/node_modules/eslint/package.json,LICENSE
eslint-config-next,16.2.6,MIT,vercel/next.js,node_modules/.pnpm/eslint-config-next@16.2.6_@_a81655bebb7bc3291ceae052ca71fc61/node_modules/eslint-config-next/package.json,(none bundled at package root)
eslint-import-resolver-node,0.3.10,MIT,https://github.com/import-js/eslint-plugin-import,node_modules/.pnpm/eslint-import-resolver-node@0.3.10/node_modules/eslint-import-resolver-node/package.json,LICENSE
eslint-import-resolver-typescript,3.10.1,ISC,https://github.com/import-js/eslint-import-resolver-typescript,node_modules/.pnpm/eslint-import-resolver-type_9c045316c7c32a26f7a16f3af80eed4e/node_modules/eslint-import-resolver-typescript/package.json,LICENSE
eslint-module-utils,2.12.1,MIT,git+https://github.com/import-js/eslint-plugin-import.git,node_modules/.pnpm/eslint-module-utils@2.12.1__db4665fe0f0359db8b9737137ab11e8c/node_modules/eslint-module-utils/package.json,LICENSE
eslint-plugin-import,2.32.0,MIT,https://github.com/import-js/eslint-plugin-import,node_modules/.pnpm/eslint-plugin-import@2.32.0_2c74c8ac0631bdb36ae41bc714bb0e81/node_modules/eslint-plugin-import/package.json,LICENSE
eslint-plugin-jsx-a11y,6.10.2,MIT,https://github.com/jsx-eslint/eslint-plugin-jsx-a11y,node_modules/.pnpm/eslint-plugin-jsx-a11y@6.10.2_eslint@9.39.4_jiti@2.7.0_/node_modules/eslint-plugin-jsx-a11y/package.json,LICENSE.md
eslint-plugin-react,7.37.5,MIT,https://github.com/jsx-eslint/eslint-plugin-react,node_modules/.pnpm/eslint-plugin-react@7.37.5_eslint@9.39.4_jiti@2.7.0_/node_modules/eslint-plugin-react/package.json,LICENSE
eslint-plugin-react-hooks,7.1.1,MIT,https://github.com/facebook/react.git,node_modules/.pnpm/eslint-plugin-react-hooks@7.1.1_eslint@9.39.4_jiti@2.7.0_/node_modules/eslint-plugin-react-hooks/package.json,LICENSE
eslint-scope,8.4.0,BSD-2-Clause,https://github.com/eslint/js.git,node_modules/.pnpm/eslint-scope@8.4.0/node_modules/eslint-scope/package.json,LICENSE
eslint-visitor-keys,3.4.3,Apache-2.0,eslint/eslint-visitor-keys,node_modules/.pnpm/eslint-visitor-keys@3.4.3/node_modules/eslint-visitor-keys/package.json,LICENSE
eslint-visitor-keys,4.2.1,Apache-2.0,https://github.com/eslint/js.git,node_modules/.pnpm/eslint-visitor-keys@4.2.1/node_modules/eslint-visitor-keys/package.json,LICENSE
eslint-visitor-keys,5.0.1,Apache-2.0,https://github.com/eslint/js.git,node_modules/.pnpm/eslint-visitor-keys@5.0.1/node_modules/eslint-visitor-keys/package.json,LICENSE
espree,10.4.0,BSD-2-Clause,https://github.com/eslint/js.git,node_modules/.pnpm/espree@10.4.0/node_modules/espree/package.json,LICENSE
esquery,1.7.0,BSD-3-Clause,https://github.com/estools/esquery.git,node_modules/.pnpm/esquery@1.7.0/node_modules/esquery/package.json,license.txt
esrecurse,4.3.0,BSD-2-Clause,https://github.com/estools/esrecurse.git,node_modules/.pnpm/esrecurse@4.3.0/node_modules/esrecurse/package.json,(none bundled at package root)
estraverse,5.3.0,BSD-2-Clause,http://github.com/estools/estraverse.git,node_modules/.pnpm/estraverse@5.3.0/node_modules/estraverse/package.json,LICENSE.BSD
esutils,2.0.3,BSD-2-Clause,http://github.com/estools/esutils.git,node_modules/.pnpm/esutils@2.0.3/node_modules/esutils/package.json,LICENSE.BSD
fabric,7.4.0,MIT,https://github.com/fabricjs/fabric.js.git,node_modules/.pnpm/fabric@7.4.0/node_modules/fabric/package.json,LICENSE
fast-deep-equal,3.1.3,MIT,git+https://github.com/epoberezkin/fast-deep-equal.git,node_modules/.pnpm/fast-deep-equal@3.1.3/node_modules/fast-deep-equal/package.json,LICENSE
fast-glob,3.3.1,MIT,mrmlnc/fast-glob,node_modules/.pnpm/fast-glob@3.3.1/node_modules/fast-glob/package.json,LICENSE
fast-json-stable-stringify,2.1.0,MIT,git://github.com/epoberezkin/fast-json-stable-stringify.git,node_modules/.pnpm/fast-json-stable-stringify@2.1.0/node_modules/fast-json-stable-stringify/package.json,LICENSE
fast-levenshtein,2.0.6,MIT,https://github.com/hiddentao/fast-levenshtein.git,node_modules/.pnpm/fast-levenshtein@2.0.6/node_modules/fast-levenshtein/package.json,LICENSE.md
fastq,1.20.1,ISC,git+https://github.com/mcollina/fastq.git,node_modules/.pnpm/fastq@1.20.1/node_modules/fastq/package.json,LICENSE
fdir,6.5.0,MIT,git+https://github.com/thecodrr/fdir.git,node_modules/.pnpm/fdir@6.5.0_picomatch@4.0.4/node_modules/fdir/package.json,LICENSE
file-entry-cache,8.0.0,MIT,jaredwray/file-entry-cache,node_modules/.pnpm/file-entry-cache@8.0.0/node_modules/file-entry-cache/package.json,LICENSE
fill-range,7.1.1,MIT,jonschlinkert/fill-range,node_modules/.pnpm/fill-range@7.1.1/node_modules/fill-range/package.json,LICENSE
find-up,5.0.0,MIT,sindresorhus/find-up,node_modules/.pnpm/find-up@5.0.0/node_modules/find-up/package.json,license
flat-cache,4.0.1,MIT,jaredwray/flat-cache,node_modules/.pnpm/flat-cache@4.0.1/node_modules/flat-cache/package.json,LICENSE
flatted,3.4.2,ISC,git+https://github.com/WebReflection/flatted.git,node_modules/.pnpm/flatted@3.4.2/node_modules/flatted/package.json,LICENSE
for-each,0.3.5,MIT,https://github.com/Raynos/for-each.git,node_modules/.pnpm/for-each@0.3.5/node_modules/for-each/package.json,LICENSE
function-bind,1.1.2,MIT,https://github.com/Raynos/function-bind.git,node_modules/.pnpm/function-bind@1.1.2/node_modules/function-bind/package.json,LICENSE
function.prototype.name,1.1.8,MIT,git://github.com/es-shims/Function.prototype.name.git,node_modules/.pnpm/function.prototype.name@1.1.8/node_modules/function.prototype.name/package.json,LICENSE
functions-have-names,1.2.3,MIT,git+https://github.com/inspect-js/functions-have-names.git,node_modules/.pnpm/functions-have-names@1.2.3/node_modules/functions-have-names/package.json,LICENSE
generator-function,2.0.1,MIT,git+https://github.com/TimothyGu/generator-function.git,node_modules/.pnpm/generator-function@2.0.1/node_modules/generator-function/package.json,LICENSE.md
gensync,1.0.0-beta.2,MIT,https://github.com/loganfsmyth/gensync.git,node_modules/.pnpm/gensync@1.0.0-beta.2/node_modules/gensync/package.json,LICENSE
get-intrinsic,1.3.0,MIT,git+https://github.com/ljharb/get-intrinsic.git,node_modules/.pnpm/get-intrinsic@1.3.0/node_modules/get-intrinsic/package.json,LICENSE
get-proto,1.0.1,MIT,git+https://github.com/ljharb/get-proto.git,node_modules/.pnpm/get-proto@1.0.1/node_modules/get-proto/package.json,LICENSE
get-symbol-description,1.1.0,MIT,git+https://github.com/inspect-js/get-symbol-description.git,node_modules/.pnpm/get-symbol-description@1.1.0/node_modules/get-symbol-description/package.json,LICENSE
get-tsconfig,4.14.0,MIT,privatenumber/get-tsconfig,node_modules/.pnpm/get-tsconfig@4.14.0/node_modules/get-tsconfig/package.json,LICENSE
glob-parent,5.1.2,ISC,gulpjs/glob-parent,node_modules/.pnpm/glob-parent@5.1.2/node_modules/glob-parent/package.json,LICENSE
glob-parent,6.0.2,ISC,gulpjs/glob-parent,node_modules/.pnpm/glob-parent@6.0.2/node_modules/glob-parent/package.json,LICENSE
globals,14.0.0,MIT,sindresorhus/globals,node_modules/.pnpm/globals@14.0.0/node_modules/globals/package.json,license
globals,16.4.0,MIT,sindresorhus/globals,node_modules/.pnpm/globals@16.4.0/node_modules/globals/package.json,license
globalthis,1.0.4,MIT,git://github.com/ljharb/System.global.git,node_modules/.pnpm/globalthis@1.0.4/node_modules/globalthis/package.json,LICENSE
gopd,1.2.0,MIT,git+https://github.com/ljharb/gopd.git,node_modules/.pnpm/gopd@1.2.0/node_modules/gopd/package.json,LICENSE
graceful-fs,4.2.11,ISC,https://github.com/isaacs/node-graceful-fs,node_modules/.pnpm/graceful-fs@4.2.11/node_modules/graceful-fs/package.json,LICENSE
has-bigints,1.1.0,MIT,git+https://github.com/ljharb/has-bigints.git,node_modules/.pnpm/has-bigints@1.1.0/node_modules/has-bigints/package.json,LICENSE
has-flag,4.0.0,MIT,sindresorhus/has-flag,node_modules/.pnpm/has-flag@4.0.0/node_modules/has-flag/package.json,license
has-property-descriptors,1.0.2,MIT,git+https://github.com/inspect-js/has-property-descriptors.git,node_modules/.pnpm/has-property-descriptors@1.0.2/node_modules/has-property-descriptors/package.json,LICENSE
has-proto,1.2.0,MIT,git+https://github.com/inspect-js/has-proto.git,node_modules/.pnpm/has-proto@1.2.0/node_modules/has-proto/package.json,LICENSE
has-symbols,1.1.0,MIT,git://github.com/inspect-js/has-symbols.git,node_modules/.pnpm/has-symbols@1.1.0/node_modules/has-symbols/package.json,LICENSE
has-tostringtag,1.0.2,MIT,git+https://github.com/inspect-js/has-tostringtag.git,node_modules/.pnpm/has-tostringtag@1.0.2/node_modules/has-tostringtag/package.json,LICENSE
hasown,2.0.3,MIT,git+https://github.com/inspect-js/hasOwn.git,node_modules/.pnpm/hasown@2.0.3/node_modules/hasown/package.json,LICENSE
hermes-estree,0.25.1,MIT,git@github.com:facebook/hermes.git,node_modules/.pnpm/hermes-estree@0.25.1/node_modules/hermes-estree/package.json,LICENSE
hermes-parser,0.25.1,MIT,git@github.com:facebook/hermes.git,node_modules/.pnpm/hermes-parser@0.25.1/node_modules/hermes-parser/package.json,LICENSE
html-to-image,1.11.13,MIT,git+https://github.com/bubkoo/html-to-image.git,node_modules/.pnpm/html-to-image@1.11.13/node_modules/html-to-image/package.json,LICENSE
ignore,5.3.2,MIT,git@github.com:kaelzhang/node-ignore.git,node_modules/.pnpm/ignore@5.3.2/node_modules/ignore/package.json,LICENSE-MIT
ignore,7.0.5,MIT,git@github.com:kaelzhang/node-ignore.git,node_modules/.pnpm/ignore@7.0.5/node_modules/ignore/package.json,LICENSE-MIT
import-fresh,3.3.1,MIT,sindresorhus/import-fresh,node_modules/.pnpm/import-fresh@3.3.1/node_modules/import-fresh/package.json,license
imurmurhash,0.1.4,MIT,https://github.com/jensyt/imurmurhash-js,node_modules/.pnpm/imurmurhash@0.1.4/node_modules/imurmurhash/package.json,(none bundled at package root)
internal-slot,1.1.0,MIT,git+https://github.com/ljharb/internal-slot.git,node_modules/.pnpm/internal-slot@1.1.0/node_modules/internal-slot/package.json,LICENSE
is-array-buffer,3.0.5,MIT,git+https://github.com/inspect-js/is-array-buffer.git,node_modules/.pnpm/is-array-buffer@3.0.5/node_modules/is-array-buffer/package.json,LICENSE
is-async-function,2.1.1,MIT,git://github.com/inspect-js/is-async-function.git,node_modules/.pnpm/is-async-function@2.1.1/node_modules/is-async-function/package.json,LICENSE
is-bigint,1.1.0,MIT,git+https://github.com/inspect-js/is-bigint.git,node_modules/.pnpm/is-bigint@1.1.0/node_modules/is-bigint/package.json,LICENSE
is-boolean-object,1.2.2,MIT,git://github.com/inspect-js/is-boolean-object.git,node_modules/.pnpm/is-boolean-object@1.2.2/node_modules/is-boolean-object/package.json,LICENSE
is-bun-module,2.0.0,MIT,git+https://github.com/SunsetTechuila/is-bun-module.git,node_modules/.pnpm/is-bun-module@2.0.0/node_modules/is-bun-module/package.json,LICENSE
is-callable,1.2.7,MIT,git://github.com/inspect-js/is-callable.git,node_modules/.pnpm/is-callable@1.2.7/node_modules/is-callable/package.json,LICENSE
is-core-module,2.16.2,MIT,git+https://github.com/inspect-js/is-core-module.git,node_modules/.pnpm/is-core-module@2.16.2/node_modules/is-core-module/package.json,LICENSE
is-data-view,1.0.2,MIT,git+https://github.com/inspect-js/is-data-view.git,node_modules/.pnpm/is-data-view@1.0.2/node_modules/is-data-view/package.json,LICENSE
is-date-object,1.1.0,MIT,git://github.com/inspect-js/is-date-object.git,node_modules/.pnpm/is-date-object@1.1.0/node_modules/is-date-object/package.json,LICENSE
is-extglob,2.1.1,MIT,jonschlinkert/is-extglob,node_modules/.pnpm/is-extglob@2.1.1/node_modules/is-extglob/package.json,LICENSE
is-finalizationregistry,1.1.1,MIT,git+https://github.com/inspect-js/is-finalizationregistry.git,node_modules/.pnpm/is-finalizationregistry@1.1.1/node_modules/is-finalizationregistry/package.json,LICENSE
is-generator-function,1.1.2,MIT,git://github.com/inspect-js/is-generator-function.git,node_modules/.pnpm/is-generator-function@1.1.2/node_modules/is-generator-function/package.json,LICENSE
is-glob,4.0.3,MIT,micromatch/is-glob,node_modules/.pnpm/is-glob@4.0.3/node_modules/is-glob/package.json,LICENSE
is-map,2.0.3,MIT,git+https://github.com/inspect-js/is-map.git,node_modules/.pnpm/is-map@2.0.3/node_modules/is-map/package.json,LICENSE
is-negative-zero,2.0.3,MIT,git://github.com/inspect-js/is-negative-zero.git,node_modules/.pnpm/is-negative-zero@2.0.3/node_modules/is-negative-zero/package.json,LICENSE
is-number,7.0.0,MIT,jonschlinkert/is-number,node_modules/.pnpm/is-number@7.0.0/node_modules/is-number/package.json,LICENSE
is-number-object,1.1.1,MIT,git://github.com/inspect-js/is-number-object.git,node_modules/.pnpm/is-number-object@1.1.1/node_modules/is-number-object/package.json,LICENSE
is-regex,1.2.1,MIT,git://github.com/inspect-js/is-regex.git,node_modules/.pnpm/is-regex@1.2.1/node_modules/is-regex/package.json,LICENSE
is-set,2.0.3,MIT,git+https://github.com/inspect-js/is-set.git,node_modules/.pnpm/is-set@2.0.3/node_modules/is-set/package.json,LICENSE
is-shared-array-buffer,1.0.4,MIT,git+https://github.com/inspect-js/is-shared-array-buffer.git,node_modules/.pnpm/is-shared-array-buffer@1.0.4/node_modules/is-shared-array-buffer/package.json,LICENSE
is-string,1.1.1,MIT,git://github.com/inspect-js/is-string.git,node_modules/.pnpm/is-string@1.1.1/node_modules/is-string/package.json,LICENSE
is-symbol,1.1.1,MIT,git://github.com/inspect-js/is-symbol.git,node_modules/.pnpm/is-symbol@1.1.1/node_modules/is-symbol/package.json,LICENSE
is-typed-array,1.1.15,MIT,git://github.com/inspect-js/is-typed-array.git,node_modules/.pnpm/is-typed-array@1.1.15/node_modules/is-typed-array/package.json,LICENSE
is-weakmap,2.0.2,MIT,git+https://github.com/inspect-js/is-weakmap.git,node_modules/.pnpm/is-weakmap@2.0.2/node_modules/is-weakmap/package.json,LICENSE
is-weakref,1.1.1,MIT,git+https://github.com/inspect-js/is-weakref.git,node_modules/.pnpm/is-weakref@1.1.1/node_modules/is-weakref/package.json,LICENSE
is-weakset,2.0.4,MIT,git+https://github.com/inspect-js/is-weakset.git,node_modules/.pnpm/is-weakset@2.0.4/node_modules/is-weakset/package.json,LICENSE
isarray,2.0.5,MIT,git://github.com/juliangruber/isarray.git,node_modules/.pnpm/isarray@2.0.5/node_modules/isarray/package.json,LICENSE
isexe,2.0.0,ISC,git+https://github.com/isaacs/isexe.git,node_modules/.pnpm/isexe@2.0.0/node_modules/isexe/package.json,LICENSE
iterator.prototype,1.1.5,MIT,git+https://github.com/ljharb/Iterator.prototype.git,node_modules/.pnpm/iterator.prototype@1.1.5/node_modules/iterator.prototype/package.json,LICENSE
jiti,2.7.0,MIT,unjs/jiti,node_modules/.pnpm/jiti@2.7.0/node_modules/jiti/package.json,LICENSE
js-tokens,4.0.0,MIT,lydell/js-tokens,node_modules/.pnpm/js-tokens@4.0.0/node_modules/js-tokens/package.json,LICENSE
js-yaml,4.1.1,MIT,nodeca/js-yaml,node_modules/.pnpm/js-yaml@4.1.1/node_modules/js-yaml/package.json,LICENSE
jsesc,3.1.0,MIT,https://github.com/mathiasbynens/jsesc.git,node_modules/.pnpm/jsesc@3.1.0/node_modules/jsesc/package.json,LICENSE-MIT.txt
json-buffer,3.0.1,MIT,git://github.com/dominictarr/json-buffer.git,node_modules/.pnpm/json-buffer@3.0.1/node_modules/json-buffer/package.json,LICENSE
json-schema-traverse,0.4.1,MIT,git+https://github.com/epoberezkin/json-schema-traverse.git,node_modules/.pnpm/json-schema-traverse@0.4.1/node_modules/json-schema-traverse/package.json,LICENSE
json-stable-stringify-without-jsonify,1.0.1,MIT,git://github.com/samn/json-stable-stringify.git,node_modules/.pnpm/json-stable-stringify-without-jsonify@1.0.1/node_modules/json-stable-stringify-without-jsonify/package.json,LICENSE
json5,1.0.2,MIT,git+https://github.com/json5/json5.git,node_modules/.pnpm/json5@1.0.2/node_modules/json5/package.json,LICENSE.md
json5,2.2.3,MIT,git+https://github.com/json5/json5.git,node_modules/.pnpm/json5@2.2.3/node_modules/json5/package.json,LICENSE.md
jsx-ast-utils,3.3.5,MIT,https://github.com/jsx-eslint/jsx-ast-utils,node_modules/.pnpm/jsx-ast-utils@3.3.5/node_modules/jsx-ast-utils/package.json,LICENSE.md
keyv,4.5.4,MIT,git+https://github.com/jaredwray/keyv.git,node_modules/.pnpm/keyv@4.5.4/node_modules/keyv/package.json,(none bundled at package root)
language-subtag-registry,0.3.23,CC0-1.0,https://github.com/mattcg/language-subtag-registry,node_modules/.pnpm/language-subtag-registry@0.3.23/node_modules/language-subtag-registry/package.json,(none bundled at package root)
language-tags,1.0.9,MIT,git://github.com/mattcg/language-tags.git,node_modules/.pnpm/language-tags@1.0.9/node_modules/language-tags/package.json,(none bundled at package root)
leaflet,1.9.4,BSD-2-Clause,git://github.com/Leaflet/Leaflet.git,node_modules/.pnpm/leaflet@1.9.4/node_modules/leaflet/package.json,LICENSE
levn,0.4.1,MIT,git://github.com/gkz/levn.git,node_modules/.pnpm/levn@0.4.1/node_modules/levn/package.json,LICENSE
lightningcss,1.32.0,MPL-2.0,https://github.com/parcel-bundler/lightningcss.git,node_modules/.pnpm/lightningcss@1.32.0/node_modules/lightningcss/package.json,LICENSE
lightningcss-win32-x64-msvc,1.32.0,MPL-2.0,https://github.com/parcel-bundler/lightningcss.git,node_modules/.pnpm/lightningcss-win32-x64-msvc@1.32.0/node_modules/lightningcss-win32-x64-msvc/package.json,LICENSE
locate-path,6.0.0,MIT,sindresorhus/locate-path,node_modules/.pnpm/locate-path@6.0.0/node_modules/locate-path/package.json,license
lodash,4.18.1,MIT,lodash/lodash,node_modules/.pnpm/lodash@4.18.1/node_modules/lodash/package.json,LICENSE
lodash.merge,4.6.2,MIT,lodash/lodash,node_modules/.pnpm/lodash.merge@4.6.2/node_modules/lodash.merge/package.json,LICENSE
loose-envify,1.4.0,MIT,git://github.com/zertosh/loose-envify.git,node_modules/.pnpm/loose-envify@1.4.0/node_modules/loose-envify/package.json,LICENSE
lru-cache,5.1.1,ISC,git://github.com/isaacs/node-lru-cache.git,node_modules/.pnpm/lru-cache@5.1.1/node_modules/lru-cache/package.json,LICENSE
magic-string,0.30.21,MIT,git+https://github.com/Rich-Harris/magic-string.git,node_modules/.pnpm/magic-string@0.30.21/node_modules/magic-string/package.json,LICENSE
math-intrinsics,1.1.0,MIT,git+https://github.com/es-shims/math-intrinsics.git,node_modules/.pnpm/math-intrinsics@1.1.0/node_modules/math-intrinsics/package.json,LICENSE
merge2,1.4.1,MIT,git@github.com:teambition/merge2.git,node_modules/.pnpm/merge2@1.4.1/node_modules/merge2/package.json,LICENSE
micromatch,4.0.8,MIT,micromatch/micromatch,node_modules/.pnpm/micromatch@4.0.8/node_modules/micromatch/package.json,LICENSE
minimatch,10.2.5,BlueOak-1.0.0,git@github.com:isaacs/minimatch,node_modules/.pnpm/minimatch@10.2.5/node_modules/minimatch/package.json,LICENSE.md
minimatch,3.1.5,ISC,git://github.com/isaacs/minimatch.git,node_modules/.pnpm/minimatch@3.1.5/node_modules/minimatch/package.json,LICENSE
minimist,1.2.8,MIT,git://github.com/minimistjs/minimist.git,node_modules/.pnpm/minimist@1.2.8/node_modules/minimist/package.json,LICENSE
ms,2.1.3,MIT,vercel/ms,node_modules/.pnpm/ms@2.1.3/node_modules/ms/package.json,license.md
nanoid,3.3.12,MIT,ai/nanoid,node_modules/.pnpm/nanoid@3.3.12/node_modules/nanoid/package.json,LICENSE
napi-postinstall,0.3.4,MIT,git+https://github.com/un-ts/napi-postinstall.git,node_modules/.pnpm/napi-postinstall@0.3.4/node_modules/napi-postinstall/package.json,LICENSE
natural-compare,1.4.0,MIT,git://github.com/litejs/natural-compare-lite.git,node_modules/.pnpm/natural-compare@1.4.0/node_modules/natural-compare/package.json,(none bundled at package root)
next,16.2.6,MIT,vercel/next.js,node_modules/.pnpm/next@16.2.6_@babel+core@7.2_7d7ddfdd25bda7360fc181e5027d31b3/node_modules/next/package.json,license.md
node-exports-info,1.6.0,MIT,git+https://github.com/inspect-js/node-exports-info.git,node_modules/.pnpm/node-exports-info@1.6.0/node_modules/node-exports-info/package.json,LICENSE
node-releases,2.0.44,MIT,git+https://github.com/chicoxyzzy/node-releases.git,node_modules/.pnpm/node-releases@2.0.44/node_modules/node-releases/package.json,LICENSE
object-assign,4.1.1,MIT,sindresorhus/object-assign,node_modules/.pnpm/object-assign@4.1.1/node_modules/object-assign/package.json,license
object-inspect,1.13.4,MIT,git://github.com/inspect-js/object-inspect.git,node_modules/.pnpm/object-inspect@1.13.4/node_modules/object-inspect/package.json,LICENSE
object-keys,1.1.1,MIT,git://github.com/ljharb/object-keys.git,node_modules/.pnpm/object-keys@1.1.1/node_modules/object-keys/package.json,LICENSE
object.assign,4.1.7,MIT,git://github.com/ljharb/object.assign.git,node_modules/.pnpm/object.assign@4.1.7/node_modules/object.assign/package.json,LICENSE
object.entries,1.1.9,MIT,git://github.com/es-shims/Object.entries.git,node_modules/.pnpm/object.entries@1.1.9/node_modules/object.entries/package.json,LICENSE
object.fromentries,2.0.8,MIT,git://github.com/es-shims/Object.fromEntries.git,node_modules/.pnpm/object.fromentries@2.0.8/node_modules/object.fromentries/package.json,LICENSE
object.groupby,1.0.3,MIT,git+https://github.com/es-shims/Object.groupBy.git,node_modules/.pnpm/object.groupby@1.0.3/node_modules/object.groupby/package.json,LICENSE
object.values,1.2.1,MIT,git://github.com/es-shims/Object.values.git,node_modules/.pnpm/object.values@1.2.1/node_modules/object.values/package.json,LICENSE
optionator,0.9.4,MIT,git://github.com/gkz/optionator.git,node_modules/.pnpm/optionator@0.9.4/node_modules/optionator/package.json,LICENSE
own-keys,1.0.1,MIT,git+https://github.com/ljharb/own-keys.git,node_modules/.pnpm/own-keys@1.0.1/node_modules/own-keys/package.json,LICENSE
p-limit,3.1.0,MIT,sindresorhus/p-limit,node_modules/.pnpm/p-limit@3.1.0/node_modules/p-limit/package.json,license
p-locate,5.0.0,MIT,sindresorhus/p-locate,node_modules/.pnpm/p-locate@5.0.0/node_modules/p-locate/package.json,license
parent-module,1.0.1,MIT,sindresorhus/parent-module,node_modules/.pnpm/parent-module@1.0.1/node_modules/parent-module/package.json,license
path-exists,4.0.0,MIT,sindresorhus/path-exists,node_modules/.pnpm/path-exists@4.0.0/node_modules/path-exists/package.json,license
path-key,3.1.1,MIT,sindresorhus/path-key,node_modules/.pnpm/path-key@3.1.1/node_modules/path-key/package.json,license
path-parse,1.0.7,MIT,https://github.com/jbgutierrez/path-parse.git,node_modules/.pnpm/path-parse@1.0.7/node_modules/path-parse/package.json,LICENSE
picocolors,1.1.1,ISC,alexeyraspopov/picocolors,node_modules/.pnpm/picocolors@1.1.1/node_modules/picocolors/package.json,LICENSE
picomatch,2.3.2,MIT,micromatch/picomatch,node_modules/.pnpm/picomatch@2.3.2/node_modules/picomatch/package.json,LICENSE
picomatch,4.0.4,MIT,micromatch/picomatch,node_modules/.pnpm/picomatch@4.0.4/node_modules/picomatch/package.json,LICENSE
point-in-polygon-hao,1.2.4,MIT,git+https://github.com/rowanwins/point-in-polygon-hao.git,node_modules/.pnpm/point-in-polygon-hao@1.2.4/node_modules/point-in-polygon-hao/package.json,LICENSE
polyclip-ts,0.16.8,MIT,https://github.com/luizbarboza/polyclip-ts.git,node_modules/.pnpm/polyclip-ts@0.16.8/node_modules/polyclip-ts/package.json,LICENSE
possible-typed-array-names,1.1.0,MIT,git+https://github.com/ljharb/possible-typed-array-names.git,node_modules/.pnpm/possible-typed-array-names@1.1.0/node_modules/possible-typed-array-names/package.json,LICENSE
postcss,8.4.31,MIT,postcss/postcss,node_modules/.pnpm/postcss@8.4.31/node_modules/postcss/package.json,LICENSE
postcss,8.5.14,MIT,postcss/postcss,node_modules/.pnpm/postcss@8.5.14/node_modules/postcss/package.json,LICENSE
prelude-ls,1.2.1,MIT,git://github.com/gkz/prelude-ls.git,node_modules/.pnpm/prelude-ls@1.2.1/node_modules/prelude-ls/package.json,LICENSE
prop-types,15.8.1,MIT,facebook/prop-types,node_modules/.pnpm/prop-types@15.8.1/node_modules/prop-types/package.json,LICENSE
punycode,2.3.1,MIT,https://github.com/mathiasbynens/punycode.js.git,node_modules/.pnpm/punycode@2.3.1/node_modules/punycode/package.json,LICENSE-MIT.txt
queue-microtask,1.2.3,MIT,git://github.com/feross/queue-microtask.git,node_modules/.pnpm/queue-microtask@1.2.3/node_modules/queue-microtask/package.json,LICENSE
quickselect,2.0.0,ISC,,node_modules/.pnpm/quickselect@2.0.0/node_modules/quickselect/package.json,LICENSE
rbush,3.0.1,MIT,git://github.com/mourner/rbush.git,node_modules/.pnpm/rbush@3.0.1/node_modules/rbush/package.json,LICENSE
react,19.2.4,MIT,https://github.com/facebook/react.git,node_modules/.pnpm/react@19.2.4/node_modules/react/package.json,LICENSE
react-dom,19.2.4,MIT,https://github.com/facebook/react.git,node_modules/.pnpm/react-dom@19.2.4_react@19.2.4/node_modules/react-dom/package.json,LICENSE
react-is,16.13.1,MIT,https://github.com/facebook/react.git,node_modules/.pnpm/react-is@16.13.1/node_modules/react-is/package.json,LICENSE
react-leaflet,5.0.0,Hippocratic-2.1,https://github.com/PaulLeCam/react-leaflet.git,node_modules/.pnpm/react-leaflet@5.0.0_leaflet_a4b87bdc9ca5e504279e27fbc13bef18/node_modules/react-leaflet/package.json,LICENSE.md
reflect.getprototypeof,1.0.10,MIT,git+https://github.com/es-shims/Reflect.getPrototypeOf.git,node_modules/.pnpm/reflect.getprototypeof@1.0.10/node_modules/reflect.getprototypeof/package.json,LICENSE
regexp.prototype.flags,1.5.4,MIT,git://github.com/es-shims/RegExp.prototype.flags.git,node_modules/.pnpm/regexp.prototype.flags@1.5.4/node_modules/regexp.prototype.flags/package.json,LICENSE
resolve,2.0.0-next.7,MIT,ssh://github.com/browserify/resolve.git,node_modules/.pnpm/resolve@2.0.0-next.7/node_modules/resolve/package.json,LICENSE
resolve-from,4.0.0,MIT,sindresorhus/resolve-from,node_modules/.pnpm/resolve-from@4.0.0/node_modules/resolve-from/package.json,license
resolve-pkg-maps,1.0.0,MIT,privatenumber/resolve-pkg-maps,node_modules/.pnpm/resolve-pkg-maps@1.0.0/node_modules/resolve-pkg-maps/package.json,LICENSE
reusify,1.1.0,MIT,git+https://github.com/mcollina/reusify.git,node_modules/.pnpm/reusify@1.1.0/node_modules/reusify/package.json,LICENSE
robust-predicates,3.0.3,Unlicense,https://github.com/mourner/robust-predicates.git,node_modules/.pnpm/robust-predicates@3.0.3/node_modules/robust-predicates/package.json,LICENSE
run-parallel,1.2.0,MIT,git://github.com/feross/run-parallel.git,node_modules/.pnpm/run-parallel@1.2.0/node_modules/run-parallel/package.json,LICENSE
safe-array-concat,1.1.4,MIT,git+https://github.com/ljharb/safe-array-concat.git,node_modules/.pnpm/safe-array-concat@1.1.4/node_modules/safe-array-concat/package.json,LICENSE
safe-push-apply,1.0.0,MIT,git+https://github.com/ljharb/safe-push-apply.git,node_modules/.pnpm/safe-push-apply@1.0.0/node_modules/safe-push-apply/package.json,LICENSE
safe-regex-test,1.1.0,MIT,git+https://github.com/ljharb/safe-regex-test.git,node_modules/.pnpm/safe-regex-test@1.1.0/node_modules/safe-regex-test/package.json,LICENSE
scheduler,0.27.0,MIT,https://github.com/facebook/react.git,node_modules/.pnpm/scheduler@0.27.0/node_modules/scheduler/package.json,LICENSE
semver,6.3.1,ISC,https://github.com/npm/node-semver.git,node_modules/.pnpm/semver@6.3.1/node_modules/semver/package.json,LICENSE
semver,7.8.0,ISC,git+https://github.com/npm/node-semver.git,node_modules/.pnpm/semver@7.8.0/node_modules/semver/package.json,LICENSE
set-function-length,1.2.2,MIT,git+https://github.com/ljharb/set-function-length.git,node_modules/.pnpm/set-function-length@1.2.2/node_modules/set-function-length/package.json,LICENSE
set-function-name,2.0.2,MIT,git+https://github.com/ljharb/set-function-name.git,node_modules/.pnpm/set-function-name@2.0.2/node_modules/set-function-name/package.json,LICENSE
set-proto,1.0.0,MIT,git+https://github.com/ljharb/set-proto.git,node_modules/.pnpm/set-proto@1.0.0/node_modules/set-proto/package.json,LICENSE
sharp,0.34.5,Apache-2.0,git://github.com/lovell/sharp.git,node_modules/.pnpm/sharp@0.34.5/node_modules/sharp/package.json,LICENSE
shebang-command,2.0.0,MIT,kevva/shebang-command,node_modules/.pnpm/shebang-command@2.0.0/node_modules/shebang-command/package.json,license
shebang-regex,3.0.0,MIT,sindresorhus/shebang-regex,node_modules/.pnpm/shebang-regex@3.0.0/node_modules/shebang-regex/package.json,license
side-channel,1.1.0,MIT,git+https://github.com/ljharb/side-channel.git,node_modules/.pnpm/side-channel@1.1.0/node_modules/side-channel/package.json,LICENSE
side-channel-list,1.0.1,MIT,git+https://github.com/ljharb/side-channel-list.git,node_modules/.pnpm/side-channel-list@1.0.1/node_modules/side-channel-list/package.json,LICENSE
side-channel-map,1.0.1,MIT,git+https://github.com/ljharb/side-channel-map.git,node_modules/.pnpm/side-channel-map@1.0.1/node_modules/side-channel-map/package.json,LICENSE
side-channel-weakmap,1.0.2,MIT,git+https://github.com/ljharb/side-channel-weakmap.git,node_modules/.pnpm/side-channel-weakmap@1.0.2/node_modules/side-channel-weakmap/package.json,LICENSE
source-map-js,1.2.1,BSD-3-Clause,7rulnik/source-map-js,node_modules/.pnpm/source-map-js@1.2.1/node_modules/source-map-js/package.json,LICENSE
splaytree-ts,1.0.2,BDS-3-Clause,https://github.com/SBanksX/splaytree-ts.git,node_modules/.pnpm/splaytree-ts@1.0.2/node_modules/splaytree-ts/package.json,LICENSE
stable-hash,0.0.5,MIT,https://github.com/shuding/stable-hash,node_modules/.pnpm/stable-hash@0.0.5/node_modules/stable-hash/package.json,(none bundled at package root)
stop-iteration-iterator,1.1.0,MIT,git+https://github.com/ljharb/stop-iteration-iterator.git,node_modules/.pnpm/stop-iteration-iterator@1.1.0/node_modules/stop-iteration-iterator/package.json,LICENSE
string.prototype.includes,2.0.1,MIT,https://github.com/mathiasbynens/String.prototype.includes.git,node_modules/.pnpm/string.prototype.includes@2.0.1/node_modules/string.prototype.includes/package.json,LICENSE
string.prototype.matchall,4.0.12,MIT,git+https://github.com/es-shims/String.prototype.matchAll.git,node_modules/.pnpm/string.prototype.matchall@4.0.12/node_modules/string.prototype.matchall/package.json,LICENSE
string.prototype.repeat,1.0.0,MIT,https://github.com/mathiasbynens/String.prototype.repeat.git,node_modules/.pnpm/string.prototype.repeat@1.0.0/node_modules/string.prototype.repeat/package.json,LICENSE-MIT.txt
string.prototype.trim,1.2.10,MIT,git://github.com/es-shims/String.prototype.trim.git,node_modules/.pnpm/string.prototype.trim@1.2.10/node_modules/string.prototype.trim/package.json,LICENSE
string.prototype.trimend,1.0.9,MIT,git://github.com/es-shims/String.prototype.trimEnd.git,node_modules/.pnpm/string.prototype.trimend@1.0.9/node_modules/string.prototype.trimend/package.json,LICENSE
string.prototype.trimstart,1.0.8,MIT,git://github.com/es-shims/String.prototype.trimStart.git,node_modules/.pnpm/string.prototype.trimstart@1.0.8/node_modules/string.prototype.trimstart/package.json,LICENSE
strip-bom,3.0.0,MIT,sindresorhus/strip-bom,node_modules/.pnpm/strip-bom@3.0.0/node_modules/strip-bom/package.json,license
strip-json-comments,3.1.1,MIT,sindresorhus/strip-json-comments,node_modules/.pnpm/strip-json-comments@3.1.1/node_modules/strip-json-comments/package.json,license
styled-jsx,5.1.6,MIT,vercel/styled-jsx,node_modules/.pnpm/styled-jsx@5.1.6_@babel+core@7.29.0_react@19.2.4/node_modules/styled-jsx/package.json,license.md
supports-color,7.2.0,MIT,chalk/supports-color,node_modules/.pnpm/supports-color@7.2.0/node_modules/supports-color/package.json,license
supports-preserve-symlinks-flag,1.0.0,MIT,git+https://github.com/inspect-js/node-supports-preserve-symlinks-flag.git,node_modules/.pnpm/supports-preserve-symlinks-flag@1.0.0/node_modules/supports-preserve-symlinks-flag/package.json,LICENSE
sweepline-intersections,1.5.0,MIT,git+https://github.com/rowanwins/sweepline-intersections.git,node_modules/.pnpm/sweepline-intersections@1.5.0/node_modules/sweepline-intersections/package.json,LICENSE
tailwindcss,4.3.0,MIT,https://github.com/tailwindlabs/tailwindcss.git,node_modules/.pnpm/tailwindcss@4.3.0/node_modules/tailwindcss/package.json,LICENSE
tapable,2.3.3,MIT,http://github.com/webpack/tapable.git,node_modules/.pnpm/tapable@2.3.3/node_modules/tapable/package.json,LICENSE
tinyglobby,0.2.16,MIT,git+https://github.com/SuperchupuDev/tinyglobby.git,node_modules/.pnpm/tinyglobby@0.2.16/node_modules/tinyglobby/package.json,LICENSE
tinyqueue,2.0.3,ISC,https://github.com/mourner/tinyqueue.git,node_modules/.pnpm/tinyqueue@2.0.3/node_modules/tinyqueue/package.json,LICENSE
to-regex-range,5.0.1,MIT,micromatch/to-regex-range,node_modules/.pnpm/to-regex-range@5.0.1/node_modules/to-regex-range/package.json,LICENSE
ts-api-utils,2.5.0,MIT,https://github.com/JoshuaKGoldberg/ts-api-utils,node_modules/.pnpm/ts-api-utils@2.5.0_typescript@5.9.3/node_modules/ts-api-utils/package.json,LICENSE.md
tsconfig-paths,3.15.0,MIT,https://github.com/dividab/tsconfig-paths,node_modules/.pnpm/tsconfig-paths@3.15.0/node_modules/tsconfig-paths/package.json,LICENSE
tslib,2.8.1,0BSD,https://github.com/Microsoft/tslib.git,node_modules/.pnpm/tslib@2.8.1/node_modules/tslib/package.json,LICENSE.txt
type-check,0.4.0,MIT,git://github.com/gkz/type-check.git,node_modules/.pnpm/type-check@0.4.0/node_modules/type-check/package.json,LICENSE
typed-array-buffer,1.0.3,MIT,git+https://github.com/inspect-js/typed-array-buffer.git,node_modules/.pnpm/typed-array-buffer@1.0.3/node_modules/typed-array-buffer/package.json,LICENSE
typed-array-byte-length,1.0.3,MIT,git+https://github.com/inspect-js/typed-array-byte-length.git,node_modules/.pnpm/typed-array-byte-length@1.0.3/node_modules/typed-array-byte-length/package.json,LICENSE
typed-array-byte-offset,1.0.4,MIT,git+https://github.com/inspect-js/typed-array-byte-offset.git,node_modules/.pnpm/typed-array-byte-offset@1.0.4/node_modules/typed-array-byte-offset/package.json,LICENSE
typed-array-length,1.0.7,MIT,git+https://github.com/inspect-js/typed-array-length.git,node_modules/.pnpm/typed-array-length@1.0.7/node_modules/typed-array-length/package.json,LICENSE
typescript,5.9.3,Apache-2.0,https://github.com/microsoft/TypeScript.git,node_modules/.pnpm/typescript@5.9.3/node_modules/typescript/package.json,LICENSE.txt
typescript-eslint,8.59.3,MIT,https://github.com/typescript-eslint/typescript-eslint.git,node_modules/.pnpm/typescript-eslint@8.59.3_es_43d451692ecf0bb5c94c63408d1c07ca/node_modules/typescript-eslint/package.json,LICENSE
unbox-primitive,1.1.0,MIT,git+https://github.com/ljharb/unbox-primitive.git,node_modules/.pnpm/unbox-primitive@1.1.0/node_modules/unbox-primitive/package.json,LICENSE
undici-types,6.21.0,MIT,git+https://github.com/nodejs/undici.git,node_modules/.pnpm/undici-types@6.21.0/node_modules/undici-types/package.json,LICENSE
unrs-resolver,1.11.1,MIT,git+https://github.com/unrs/unrs-resolver.git,node_modules/.pnpm/unrs-resolver@1.11.1/node_modules/unrs-resolver/package.json,(none bundled at package root)
update-browserslist-db,1.2.3,MIT,browserslist/update-db,node_modules/.pnpm/update-browserslist-db@1.2.3_browserslist@4.28.2/node_modules/update-browserslist-db/package.json,LICENSE
uri-js,4.4.1,BSD-2-Clause,http://github.com/garycourt/uri-js,node_modules/.pnpm/uri-js@4.4.1/node_modules/uri-js/package.json,LICENSE
which,2.0.2,ISC,git://github.com/isaacs/node-which.git,node_modules/.pnpm/which@2.0.2/node_modules/which/package.json,LICENSE
which-boxed-primitive,1.1.1,MIT,git+https://github.com/inspect-js/which-boxed-primitive.git,node_modules/.pnpm/which-boxed-primitive@1.1.1/node_modules/which-boxed-primitive/package.json,LICENSE
which-builtin-type,1.2.1,MIT,git+https://github.com/inspect-js/which-builtin-type.git,node_modules/.pnpm/which-builtin-type@1.2.1/node_modules/which-builtin-type/package.json,LICENSE
which-collection,1.0.2,MIT,git+https://github.com/inspect-js/which-collection.git,node_modules/.pnpm/which-collection@1.0.2/node_modules/which-collection/package.json,LICENSE
which-typed-array,1.1.20,MIT,git://github.com/inspect-js/which-typed-array.git,node_modules/.pnpm/which-typed-array@1.1.20/node_modules/which-typed-array/package.json,LICENSE
word-wrap,1.2.5,MIT,jonschlinkert/word-wrap,node_modules/.pnpm/word-wrap@1.2.5/node_modules/word-wrap/package.json,LICENSE
yallist,3.1.1,ISC,git+https://github.com/isaacs/yallist.git,node_modules/.pnpm/yallist@3.1.1/node_modules/yallist/package.json,LICENSE
yocto-queue,0.1.0,MIT,sindresorhus/yocto-queue,node_modules/.pnpm/yocto-queue@0.1.0/node_modules/yocto-queue/package.json,license
zod,4.4.3,MIT,git+https://github.com/colinhacks/zod.git,node_modules/.pnpm/zod@4.4.3/node_modules/zod/package.json,LICENSE
zod-validation-error,4.0.2,MIT,git://github.com/causaly/zod-validation-error.git,node_modules/.pnpm/zod-validation-error@4.0.2_zod@4.4.3/node_modules/zod-validation-error/package.json,LICENSE
zustand,5.0.13,MIT,git+https://github.com/pmndrs/zustand.git,node_modules/.pnpm/zustand@5.0.13_@types+react@19.2.14_react@19.2.4/node_modules/zustand/package.json,LICENSE
